{"_timestamp":1.7524860518099318e+09,"_runtime":11.159947606,"_step":0,"train/global_step":0,"_wandb":{"runtime":12},"profiling/Time taken: SGRPOTrainer._move_lora_to_vllm":5.834220631048083}