{"_timestamp":1.7524787031133454e+09,"_runtime":10.086623393,"_step":0,"train/global_step":0,"_wandb":{"runtime":152},"profiling/Time taken: SGRPOTrainer._move_lora_to_vllm":5.714738246053457}