{"_step":0,"train/global_step":0,"_wandb":{"runtime":20},"profiling/Time taken: SGRPOTrainer._move_lora_to_vllm":4.543048805557191,"_timestamp":1.7524539069737692e+09,"_runtime":7.426952865}