{"_timestamp":1.7524627075468616e+09,"_runtime":8.267650473,"_wandb":{"runtime":483},"_step":0,"train/global_step":0,"profiling/Time taken: SGRPOTrainer._move_lora_to_vllm":3.493773192167282}