{"_runtime":11.211916916,"_step":0,"_wandb":{"runtime":899},"train/global_step":0,"profiling/Time taken: SGRPOTrainer._move_lora_to_vllm":6.124654181301594,"_timestamp":1.7524829151597335e+09}