{"profiling/Time taken: SGRPOTrainer._move_lora_to_vllm":6.231751427985728,"_timestamp":1.752484369976216e+09,"_runtime":11.712964155,"_wandb":{"runtime":23},"_step":0,"train/global_step":0}