{"_runtime":6.847322479,"_wandb":{"runtime":102},"_step":0,"train/global_step":0,"profiling/Time taken: SGRPOTrainer._move_lora_to_vllm":4.232576283626258,"_timestamp":1.7524637038242173e+09}