{"_timestamp":1.7524751453159895e+09,"_runtime":9.739973821,"_step":0,"_wandb":{"runtime":394},"train/global_step":0,"profiling/Time taken: SGRPOTrainer._move_lora_to_vllm":4.666158578358591}