{"_step":1,"train/global_step":0,"profiling/Time taken: SGRPOTrainer._move_lora_to_vllm":5.331147832795978,"_timestamp":1.7524878772172394e+09,"_runtime":19.288033468,"profiling/Time taken: SGRPOTrainer.vLLM.generate":10.327197639271617,"_wandb":{"runtime":19}}