{"profiling/Time taken: SGRPOTrainer._move_lora_to_vllm":4.6483707232400775,"_timestamp":1.7524657239003117e+09,"_runtime":7.163113957,"_wandb":{"runtime":8},"_step":0,"train/global_step":0}