{"train/global_step":0,"profiling/Time taken: SGRPOTrainer._move_lora_to_vllm":7.2324476689100266,"_timestamp":1.7524760703965695e+09,"_runtime":11.029335795,"_wandb":{"runtime":11},"_step":0}