{"train/global_step":0,"profiling/Time taken: SGRPOTrainer._move_lora_to_vllm":7.394134181551635,"_timestamp":1.752485925201566e+09,"_wandb":{"runtime":49},"_runtime":10.829119955,"_step":0}