{"_timestamp":1.752465079889713e+09,"_runtime":8.849615959,"_step":0,"train/global_step":0,"profiling/Time taken: SGRPOTrainer._move_lora_to_vllm":5.678138995543122,"_wandb":{"runtime":536}}