{"_timestamp":1.7524764244512208e+09,"_runtime":11.618634294,"_wandb":{"runtime":11},"_step":0,"train/global_step":0,"profiling/Time taken: SGRPOTrainer._move_lora_to_vllm":6.479853914119303}