{"_step":0,"train/global_step":0,"profiling/Time taken: XGRPOTrainer.vLLM.generate":7.173813506960869,"_timestamp":1.7522025717683883e+09,"_wandb":{"runtime":12},"_runtime":11.789222444}