{"profiling/Time taken: SGRPOTrainer._move_lora_to_vllm":4.745904264040291,"_timestamp":1.7524624680775836e+09,"_runtime":8.545742479,"_wandb":{"runtime":92},"_step":0,"train/global_step":0}