{"train/global_step":0,"_wandb":{"runtime":12},"profiling/Time taken: SGRPOTrainer._move_lora_to_vllm":6.187441687099636,"_timestamp":1.7524874124188564e+09,"_runtime":11.123149343,"_step":0}