{"_step":0,"train/global_step":0,"_wandb":{"runtime":267},"profiling/Time taken: SGRPOTrainer._move_lora_to_vllm":3.656894908286631,"_timestamp":1.7523821730726838e+09,"_runtime":7.838536275}