{"_wandb":{"runtime":9},"_runtime":9.012617409,"_step":0,"train/global_step":0,"profiling/Time taken: SGRPOTrainer._move_lora_to_vllm":7.061660284176469,"_timestamp":1.7524757794241216e+09}